﻿,0,1,2,3
0,감자전분,옥수수전분,고구마전분,
1,,,,
2,,,,
3,고구마전분,옥수수전분,타피오카,
4,감자전분,쌀가루,,
5,감자전분,쌀가루,,
6,전분,땅콩분말,참깨,
7,,,,
8,감자전분,쌀가루,,
9,고구마전분,쌀가루,,
10,고구마전분,쌀가루,,
11,옥수수,,,
12,옥수수전분,제3인산칼슘,,
13,타피오카전분향,밀가루,,
14,전분가공품,식품첨가물,,
15,감자전분,옥수수전분,,
16,고구마전분,옥수수전분,,
17,옥수수전분,알파옥수수분말,,
18,고구마 전분,고구마,,
19,옥수수전분,카라기난,정제소금,
20,옥수수전분,가라기난,카르복시메틸셀룰로오스,정제염
21,옥수수전분,카라기난,두류가공품,정제소금
22,감자전분,감자,,
23,감자전분,옥수수전분,,
24,카사바전분,소맥분,,
25,변성전분,밀전분,,
26,감자전분,포도당,,
27,감자전분,찹쌀,,
28,감자전분,포도당,,
29,감자전분,찹쌀분말,,
